[
    {
      "name": "Artificial Intelligence and Machine Learning (AI & ML)",
      "description": "Focuses on creating intelligent systems that can learn and make decisions.",
      "certifications": [
        "Google Professional Machine Learning Engineer",
        "IBM AI Engineering Professional Certificate",
        "DeepLearning.AI TensorFlow Developer Certificate",
        "Microsoft Azure AI Engineer Associate"
      ],
      "flowchart": [
        "Learn Python/R and mathematics (linear algebra, calculus).",
        "Study machine learning algorithms (supervised, unsupervised, reinforcement learning).",
        "Work on projects (NLP, computer vision, recommendation systems).",
        "Explore advanced topics (deep learning, generative AI).",
        "Deploy models using cloud platforms (AWS SageMaker, Google AI Platform)."
      ]
    },
    {
      "name": "Data Science and Analytics",
      "description": "Involves extracting insights from data using statistical and computational techniques.",
      "certifications": [
        "IBM Data Science Professional Certificate",
        "Google Data Analytics Professional Certificate",
        "Microsoft Certified: Data Analyst Associate",
        "SAS Certified Data Scientist"
      ],
      "flowchart": [
        "Learn Python/R and SQL.",
        "Study statistics and data visualization.",
        "Clean and preprocess data using Pandas, NumPy.",
        "Apply machine learning algorithms for predictive analytics.",
        "Work on real-world datasets (e.g., Kaggle competitions)."
      ]
    },
    {
      "name": "Big Data Technologies",
      "description": "Deals with processing and analyzing large datasets using distributed computing frameworks.",
      "certifications": [
        "Cloudera Certified Associate (CCA)",
        "AWS Certified Big Data – Specialty",
        "Google Cloud Professional Data Engineer",
        "Databricks Certified Associate Developer for Apache Spark"
      ],
      "flowchart": [
        "Learn Hadoop and Spark ecosystems.",
        "Study NoSQL databases (MongoDB, Cassandra).",
        "Work on big data projects (data pipelines, analytics).",
        "Explore cloud-based big data solutions (AWS EMR, Google Dataproc)."
      ]
    },
    {
      "name": "Web Development (Frontend & Backend)",
      "description": "Involves building and maintaining websites and web applications.",
      "certifications": [
        "FreeCodeCamp Responsive Web Design Certification",
        "Microsoft Certified: Azure Developer Associate",
        "Google Mobile Web Specialist",
        "Full-Stack Web Developer Nanodegree (Udacity)"
      ],
      "flowchart": [
        "Learn HTML, CSS, JavaScript (frontend).",
        "Study frontend frameworks (React, Angular, Vue.js).",
        "Learn backend technologies (Node.js, Django, Flask).",
        "Work on full-stack projects.",
        "Deploy applications using cloud platforms (AWS, Heroku)."
      ]
    },
    {
      "name": "Mobile Application Development",
      "description": "Focuses on creating applications for mobile devices (iOS, Android).",
      "certifications": [
        "Google Associate Android Developer",
        "Apple Certified iOS Developer",
        "Flutter Certification by Google",
        "React Native Certification by Meta"
      ],
      "flowchart": [
        "Learn programming languages (Swift for iOS, Kotlin/Java for Android).",
        "Study mobile app frameworks (Flutter, React Native).",
        "Work on app development projects.",
        "Publish apps on App Store/Google Play."
      ]
    },
    {
      "name": "Cloud Computing and Virtualization",
      "description": "Involves delivering computing services over the internet (servers, storage, databases).",
      "certifications": [
        "AWS Certified Solutions Architect",
        "Microsoft Certified: Azure Administrator Associate",
        "Google Cloud Professional Cloud Architect",
        "Certified Kubernetes Administrator (CKA)"
      ],
      "flowchart": [
        "Learn cloud platforms (AWS, Azure, GCP).",
        "Study virtualization (Docker, Kubernetes).",
        "Work on cloud deployment projects.",
        "Explore serverless computing and microservices."
      ]
    },
    {
      "name": "Cybersecurity and Ethical Hacking",
      "description": "Focuses on protecting systems and networks from cyber threats.",
      "certifications": [
        "Certified Ethical Hacker (CEH)",
        "CompTIA Security+",
        "CISSP (Certified Information Systems Security Professional)",
        "OSCP (Offensive Security Certified Professional)"
      ],
      "flowchart": [
        "Learn networking basics (TCP/IP, OSI model).",
        "Study cybersecurity fundamentals (encryption, firewalls).",
        "Learn ethical hacking tools (Kali Linux, Metasploit).",
        "Work on penetration testing projects."
      ]
    },
    {
      "name": "Blockchain Technology",
      "description": "Involves creating decentralized and secure digital ledgers for applications like cryptocurrencies and smart contracts.",
      "certifications": [
        "Certified Blockchain Developer (CBD)",
        "Ethereum Developer Certification",
        "IBM Blockchain Foundation Developer",
        "Hyperledger Certified Practitioner"
      ],
      "flowchart": [
        "Learn blockchain basics (consensus algorithms, cryptography).",
        "Study smart contracts (Solidity, Chaincode).",
        "Work on decentralized applications (DApps).",
        "Explore platforms (Ethereum, Hyperledger)."
      ]
    },
    {
      "name": "Internet of Things (IoT)",
      "description": "Focuses on connecting physical devices to the internet for data exchange and automation.",
      "certifications": [
        "Cisco Certified IoT Specialist",
        "AWS IoT Certification",
        "Microsoft Certified: Azure IoT Developer",
        "IoT Fundamentals by Cisco"
      ],
      "flowchart": [
        "Learn electronics and sensors.",
        "Study IoT protocols (MQTT, CoAP).",
        "Work on IoT projects (smart home, wearables).",
        "Explore cloud integration (AWS IoT, Azure IoT)."
      ]
    },
    {
      "name": "Embedded Systems",
      "description": "Involves designing and programming hardware systems for specific tasks.",
      "certifications": [
        "Certified Embedded Systems Engineer (CESE)",
        "ARM Certified Embedded Engineer",
        "Embedded Systems Certification by Coursera"
      ],
      "flowchart": [
        "Learn C/C++ and assembly language.",
        "Study microcontrollers (Arduino, Raspberry Pi).",
        "Work on embedded projects (e.g., home automation).",
        "Explore real-time operating systems (RTOS)."
      ]
    },
    {
      "name": "Database Management Systems (DBMS)",
      "description": "Focuses on storing, retrieving, and managing data efficiently using relational and non-relational databases.",
      "certifications": [
        "Oracle Database SQL Certified Associate",
        "MongoDB Certified Developer",
        "Microsoft Certified: Azure Data Engineer Associate",
        "IBM Certified Database Administrator"
      ],
      "flowchart": [
        "Learn SQL and relational databases (MySQL, PostgreSQL).",
        "Study NoSQL databases (MongoDB, Cassandra).",
        "Work on database design projects.",
        "Explore database optimization and security."
      ]
    },
    {
      "name": "Software Engineering and Development",
      "description": "Involves designing, developing, and maintaining software systems using structured methodologies.",
      "certifications": [
        "Certified Software Development Professional (CSDP)",
        "Scrum Master Certification (CSM)",
        "AWS Certified Developer",
        "Microsoft Certified: Azure Developer Associate"
      ],
      "flowchart": [
        "Learn programming (Java, Python, C++).",
        "Study software development methodologies (Agile, Scrum).",
        "Work on software projects.",
        "Explore software testing and debugging."
      ]
    },
    {
      "name": "Game Development",
      "description": "Focuses on creating video games for consoles, PCs, and mobile devices using game engines and programming.",
      "certifications": [
        "Unity Certified Developer",
        "Unreal Engine Certification",
        "Game Design and Development Certification by Coursera"
      ],
      "flowchart": [
        "Learn game engines (Unity, Unreal Engine).",
        "Study game design principles.",
        "Work on game development projects.",
        "Explore VR/AR game development."
      ]
    },
    {
      "name": "Human-Computer Interaction (HCI)",
      "description": "Focuses on designing user-friendly interfaces and improving user experience (UX) through research and testing.",
      "certifications": [
        "Google UX Design Professional Certificate",
        "Nielsen Norman Group UX Certification",
        "Certified Usability Analyst (CUA)"
      ],
      "flowchart": [
        "Learn UX/UI design principles.",
        "Study prototyping tools (Figma, Adobe XD).",
        "Work on HCI projects.",
        "Explore usability testing."
      ]
    },
    {
      "name": "Natural Language Processing (NLP)",
      "description": "Involves enabling machines to understand, interpret, and generate human language.",
      "certifications": [
        "DeepLearning.AI NLP Specialization",
        "Certified NLP Practitioner",
        "IBM AI Engineering Professional Certificate"
      ],
      "flowchart": [
        "Learn Python and NLP libraries (NLTK, SpaCy).",
        "Study text preprocessing and tokenization.",
        "Work on NLP projects (sentiment analysis, chatbots).",
        "Explore advanced topics (transformers, BERT)."
      ]
    },
    {
      "name": "Computer Graphics and Visualization",
      "description": "Focuses on creating visual content using computers, including 2D/3D rendering and animation.",
      "certifications": [
        "Autodesk Certified Professional",
        "Tableau Desktop Specialist",
        "Unity Certified 3D Artist"
      ],
      "flowchart": [
        "Learn graphics programming (OpenGL, WebGL).",
        "Study 3D modeling and rendering.",
        "Work on graphics projects.",
        "Explore visualization tools (Tableau, D3.js)."
      ]
    },
    {
      "name": "Quantum Computing",
      "description": "Involves using quantum mechanics to solve complex computational problems faster than classical computers.",
      "certifications": [
        "IBM Quantum Developer Certification",
        "Quantum Computing Fundamentals by edX",
        "Microsoft Quantum Development Kit Certification"
      ],
      "flowchart": [
        "Learn quantum mechanics basics.",
        "Study quantum programming (Qiskit, Cirq).",
        "Work on quantum algorithms.",
        "Explore quantum hardware."
      ]
    },
    {
      "name": "Digital Image Processing",
      "description": "Involves analyzing and manipulating digital images using algorithms for tasks like enhancement and recognition.",
      "certifications": [
        "OpenCV Certification",
        "Image Processing Certification by Coursera",
        "Digital Image Processing Certification by edX"
      ],
      "flowchart": [
        "Learn Python and image processing libraries (OpenCV, PIL).",
        "Study image filtering and transformation.",
        "Work on image processing projects.",
        "Explore computer vision applications."
      ]
    },
    {
      "name": "Computer Vision",
      "description": "Enables machines to interpret and analyze visual data from the world, such as images and videos.",
      "certifications": [
        "DeepLearning.AI Computer Vision Specialization",
        "OpenCV Certification",
        "NVIDIA Deep Learning Institute Certification"
      ],
      "flowchart": [
        "Learn Python and OpenCV.",
        "Study image recognition and object detection.",
        "Work on computer vision projects.",
        "Explore deep learning for vision tasks."
      ]
    },
    {
      "name": "Networking and Communication",
      "description": "Focuses on data transmission and communication between devices.",
      "certifications": [
        "Cisco Certified Network Associate (CCNA)",
        "CompTIA Network+",
        "AWS Certified Advanced Networking"
      ],
      "flowchart": [
        "Learn networking basics (TCP/IP, OSI model).",
        "Study network security and protocols.",
        "Work on network configuration projects.",
        "Explore cloud networking."
      ]
    },
    {
      "name": "Operating Systems",
      "description": "Involves managing hardware and software resources, providing a platform for applications to run.",
      "certifications": [
        "Red Hat Certified System Administrator (RHCSA)",
        "Linux Foundation Certified System Administrator",
        "CompTIA Linux+"
      ],
      "flowchart": [
        "Learn OS concepts (processes, memory management).",
        "Study Linux/Unix systems.",
        "Work on OS development projects.",
        "Explore virtualization and containerization."
      ]
    },
    {
      "name": "Distributed and Parallel Computing",
      "description": "Involves processing data across multiple systems or using multiple processors for faster computation.",
      "certifications": [
        "Apache Hadoop Certification",
        "Google Cloud Professional Data Engineer",
        "AWS Certified Big Data – Specialty"
      ],
      "flowchart": [
        "Learn parallel programming (MPI, OpenMP).",
        "Study distributed systems (Hadoop, Spark).",
        "Work on distributed computing projects.",
        "Explore cloud-based distributed systems."
      ]
    },
    {
      "name": "Compiler Design",
      "description": "Involves creating software that translates high-level code into machine code.",
      "certifications": [
        "Compiler Design Certification by Coursera",
        "Advanced Compiler Design Certification",
        "Stanford Compilers Certification"
      ],
      "flowchart": [
        "Learn programming languages and grammars.",
        "Study lexical analysis and parsing.",
        "Work on compiler projects.",
        "Explore optimization techniques."
      ]
    },
    {
      "name": "Information Retrieval Systems",
      "description": "Focuses on retrieving relevant information from large datasets, such as search engines.",
      "certifications": [
        "Information Retrieval Certification by Coursera",
        "Search Engine Optimization (SEO) Certification",
        "Google Cloud Professional Data Engineer"
      ],
      "flowchart": [
        "Learn search algorithms (PageRank, TF-IDF).",
        "Study indexing and ranking techniques.",
        "Work on search engine projects.",
        "Explore NLP for information retrieval."
      ]
    },
    {
      "name": "Computational Linguistics",
      "description": "Applies computational techniques to linguistic data for tasks like machine translation and speech recognition.",
      "certifications": [
        "Computational Linguistics Certification by Coursera",
        "NLP Specialization by DeepLearning.AI",
        "Speech and Language Processing Certification"
      ],
      "flowchart": [
        "Learn linguistics basics (syntax, semantics).",
        "Study NLP techniques (tokenization, parsing).",
        "Work on computational linguistics projects.",
        "Explore machine translation and speech recognition."
      ]
    },
    {
      "name": "Simulation and Modeling",
      "description": "Involves creating virtual representations of real-world systems to analyze and predict their behavior.",
      "certifications": [
        "MATLAB Certification",
        "Simulation and Modeling Certification by Coursera",
        "Arena Simulation Certification"
      ],
      "flowchart": [
        "Learn modeling techniques (mathematical, statistical).",
        "Study simulation tools (MATLAB, Simulink).",
        "Work on simulation projects (e.g., traffic flow).",
        "Explore advanced topics (agent-based modeling)."
      ]
    },
    {
      "name": "DevOps and CI/CD",
      "description": "Focuses on automating software development and deployment processes.",
      "certifications": [
        "AWS Certified DevOps Engineer",
        "Docker Certified Associate",
        "Certified Kubernetes Administrator (CKA)"
      ],
      "flowchart": [
        "Learn version control (Git, GitHub).",
        "Study CI/CD tools (Jenkins, GitHub Actions).",
        "Work on DevOps projects (automated pipelines).",
        "Explore containerization (Docker, Kubernetes)."
      ]
    },
    {
      "name": "Augmented and Virtual Reality (AR/VR)",
      "description": "Involves creating immersive digital experiences by overlaying virtual elements on the real world (AR) or creating entirely virtual environments (VR).",
      "certifications": [
        "Unity Certified VR Developer",
        "Unreal Engine AR/VR Certification",
        "Google ARCore Certification"
      ],
      "flowchart": [
        "Learn AR/VR development tools (Unity, Unreal Engine).",
        "Study 3D modeling and animation.",
        "Work on AR/VR projects (e.g., games, simulations).",
        "Explore mixed reality applications."
      ]
    },
    {
      "name": "Digital Forensics",
      "description": "Involves investigating cybercrimes and analyzing digital evidence to identify and prevent security breaches.",
      "certifications": [
        "Certified Computer Examiner (CCE)",
        "GIAC Certified Forensic Examiner (GCFE)",
        "Certified Forensic Computer Examiner (CFCE)"
      ],
      "flowchart": [
        "Learn cybersecurity basics (encryption, firewalls).",
        "Study forensic tools (EnCase, FTK).",
        "Work on digital forensics projects (e.g., hard drive analysis).",
        "Explore incident response and malware analysis."
      ]
    },
    {
      "name": "System Programming",
      "description": "Involves low-level programming for system software, such as operating systems, device drivers, and firmware.",
      "certifications": [
        "Linux Kernel Development Certification",
        "System Programming Certification by Coursera",
        "Red Hat Certified Engineer (RHCE)"
      ],
      "flowchart": [
        "Learn C/C++ and assembly language.",
        "Study operating systems (Linux, Windows).",
        "Work on system programming projects (e.g., kernel modules).",
        "Explore real-time operating systems (RTOS)."
      ]
    },
    {
      "name": "Software Quality Assurance and Testing",
      "description": "Focuses on ensuring software quality through testing and debugging.",
      "certifications": [
        "ISTQB Certified Tester",
        "Certified Software Test Engineer (CSTE)",
        "Selenium Certification"
      ],
      "flowchart": [
        "Learn testing methodologies (manual, automated).",
        "Study testing tools (Selenium, JUnit).",
        "Work on software testing projects.",
        "Explore performance and security testing."
      ]
    },
    {
      "name": "IT Infrastructure and Networking",
      "description": "Involves managing hardware and software resources, including servers, storage, and networks.",
      "certifications": [
        "Cisco Certified Network Associate (CCNA)",
        "CompTIA IT Fundamentals (ITF+)",
        "AWS Certified Solutions Architect"
      ],
      "flowchart": [
        "Learn networking basics (TCP/IP, OSI model).",
        "Study IT infrastructure components (servers, storage).",
        "Work on IT infrastructure projects.",
        "Explore cloud infrastructure and networking."
      ]
    },
    {
      "name": "Software Project Management",
      "description": "Involves planning, executing, and closing software projects while managing resources, timelines, and budgets.",
      "certifications": [
        "PMP (Project Management Professional)",
        "Certified ScrumMaster (CSM)",
        "PRINCE2 Certification"
      ],
      "flowchart": [
        "Learn project management methodologies (Agile, Scrum).",
        "Study tools (Jira, Trello, Microsoft Project).",
        "Work on software project management projects.",
        "Explore risk management and budgeting."
      ]
    },
    {
      "name": "Computational Biology and Bioinformatics",
      "description": "Applies computational techniques to biological data for tasks like genomics and drug discovery.",
      "certifications": [
        "Bioinformatics Certification by Coursera",
        "Certified Bioinformatics Professional",
        "Computational Biology Certification by edX"
      ],
      "flowchart": [
        "Learn biology basics (genetics, molecular biology).",
        "Study bioinformatics tools (BLAST, Biopython).",
        "Work on computational biology projects (e.g., DNA sequencing).",
        "Explore genomics and proteomics."
      ]
    }
  ]